,Accuracy,Precision,Recall,F1 score
0,0.926,0.9049429657794676,0.952,0.9278752436647173
