,Accuracy,Precision,Recall,F1 score
0,0.842,0.7647058823529411,0.988,0.8621291448516579
