,Accuracy,Precision,Recall,F1 score
0,0.912,0.8652482269503546,0.976,0.9172932330827067
