,Accuracy,Precision,Recall,F1 score
0,0.85,0.7725856697819314,0.992,0.8686514886164624
