,Accuracy,Precision,Recall,F1 score
0,0.896,0.8413793103448276,0.976,0.9037037037037037
