,Accuracy,Precision,Recall,F1 score
0,0.902,0.845360824742268,0.984,0.9094269870609981
