,Accuracy,Precision,Recall,F1 score
0,0.874,0.8045602605863192,0.988,0.8868940754039497
