,Accuracy,Precision,Recall,F1 score
0,0.884,0.8428571428571429,0.944,0.8905660377358491
