,Accuracy,Precision,Recall,F1 score
0,0.798,0.718475073313783,0.98,0.8291032148900169
