,Accuracy,Precision,Recall,F1 score
0,0.85,0.7795527156549521,0.976,0.866785079928952
