,Accuracy,Precision,Recall,F1 score
0,0.854,0.7827476038338658,0.98,0.8703374777975134
