,Accuracy,Precision,Recall,F1 score
0,0.844,0.7654320987654321,0.992,0.8641114982578397
