,Accuracy,Precision,Recall,F1 score
0,0.866,0.7961165048543689,0.984,0.8801431127012522
