,Accuracy,Precision,Recall,F1 score
0,0.854,0.7774294670846394,0.992,0.8717047451669596
