,Accuracy,Precision,Recall,F1 score
0,0.856,0.7852564102564102,0.98,0.8718861209964412
