,Accuracy,Precision,Recall,F1 score
0,0.748,0.6675675675675675,0.988,0.7967741935483871
