,Accuracy,Precision,Recall,F1 score
0,0.822,0.7948717948717948,0.868,0.8298279158699808
