,Accuracy,Precision,Recall,F1 score
0,0.718,0.6912280701754386,0.788,0.7364485981308411
