,Accuracy,Precision,Recall,F1 score
0,0.636,0.5913978494623656,0.88,0.707395498392283
