,Accuracy,Precision,Recall,F1 score
0,0.732,0.7436974789915967,0.708,0.7254098360655737
