,Accuracy,Precision,Recall,F1 score
0,0.796,0.9204545454545454,0.648,0.7605633802816901
