,Accuracy,Precision,Recall,F1 score
0,0.628,0.9210526315789473,0.28,0.4294478527607362
