,Accuracy,Precision,Recall,F1 score
0,0.868,0.8739837398373984,0.86,0.8669354838709677
