,Accuracy,Precision,Recall,F1 score
0,0.616,0.580110497237569,0.84,0.6862745098039216
