,Accuracy,Precision,Recall,F1 score
0,0.714,0.7098039215686275,0.724,0.7168316831683168
