,Accuracy,Precision,Recall,F1 score
0,0.946,0.9054545454545454,0.996,0.9485714285714286
