,Accuracy,Precision,Recall,F1 score
0,0.916,0.90625,0.928,0.9169960474308301
