,Accuracy,Precision,Recall,F1 score
0,0.838,0.7788778877887789,0.944,0.8535262206148282
