,Accuracy,Precision,Recall,F1 score
0,0.908,0.8617021276595744,0.972,0.9135338345864662
