,Accuracy,Precision,Recall,F1 score
0,0.912,0.8843283582089553,0.948,0.915057915057915
