,Accuracy,Precision,Recall,F1 score
0,0.884,0.9033613445378151,0.86,0.8811475409836066
