,Accuracy,Precision,Recall,F1 score
0,0.864,0.8395522388059702,0.9,0.8687258687258688
