,Accuracy,Precision,Recall,F1 score
0,0.864,0.8116438356164384,0.948,0.8745387453874539
