,Accuracy,Precision,Recall,F1 score
0,0.848,0.7770700636942676,0.976,0.8652482269503546
