,Accuracy,Precision,Recall,F1 score
0,0.83,0.7507598784194529,0.988,0.853195164075993
