,Accuracy,Precision,Recall,F1 score
0,0.852,0.7767295597484277,0.988,0.8697183098591549
