,Accuracy,Precision,Recall,F1 score
0,0.696,0.8181818181818182,0.504,0.6237623762376238
