,Accuracy,Precision,Recall,F1 score
0,0.744,0.7772727272727272,0.684,0.7276595744680852
