,Accuracy,Precision,Recall,F1 score
0,0.792,0.7159763313609467,0.968,0.8231292517006803
