,Accuracy,Precision,Recall,F1 score
0,0.732,0.7457627118644068,0.704,0.7242798353909465
