,Accuracy,Precision,Recall,F1 score
0,0.634,0.5917808219178082,0.864,0.7024390243902439
