,Accuracy,Precision,Recall,F1 score
0,0.816,0.7484276729559748,0.952,0.8380281690140845
