,Accuracy,Precision,Recall,F1 score
0,0.886,0.8534798534798534,0.932,0.8910133843212237
