,Accuracy,Precision,Recall,F1 score
0,0.892,0.8769230769230769,0.912,0.8941176470588236
