,Accuracy,Precision,Recall,F1 score
0,0.866,0.818815331010453,0.94,0.8752327746741154
