,Accuracy,Precision,Recall,F1 score
0,0.876,0.8241379310344827,0.956,0.8851851851851852
