,Accuracy,Precision,Recall,F1 score
0,0.774,0.6962750716332379,0.972,0.8113522537562604
