,Accuracy,Precision,Recall,F1 score
0,0.838,0.7665615141955836,0.972,0.8571428571428571
