,Accuracy,Precision,Recall,F1 score
0,0.734,0.8926174496644296,0.532,0.6666666666666666
