,Accuracy,Precision,Recall,F1 score
0,0.81,0.7299703264094956,0.984,0.838160136286201
