,Accuracy,Precision,Recall,F1 score
0,0.888,0.9409090909090909,0.828,0.8808510638297873
