,Accuracy,Precision,Recall,F1 score
0,0.918,0.8943396226415095,0.948,0.920388349514563
