,Accuracy,Precision,Recall,F1 score
0,0.91,0.8673835125448028,0.968,0.9149338374291115
