,Accuracy,Precision,Recall,F1 score
0,0.812,0.7392638036809815,0.964,0.8368055555555556
