,Accuracy,Precision,Recall,F1 score
0,0.798,0.7264437689969605,0.956,0.8255613126079447
