,Accuracy,Precision,Recall,F1 score
0,0.872,0.9471153846153846,0.788,0.8602620087336245
