,Accuracy,Precision,Recall,F1 score
0,0.894,0.8745247148288974,0.92,0.8966861598440545
