,Accuracy,Precision,Recall,F1 score
0,0.894,0.8432055749128919,0.968,0.9013035381750466
