,Accuracy,Precision,Recall,F1 score
0,0.806,0.7256637168141593,0.984,0.8353140916808149
