,Accuracy,Precision,Recall,F1 score
0,0.842,0.7731629392971247,0.968,0.8596802841918295
