,Accuracy,Precision,Recall,F1 score
0,0.706,0.6757679180887372,0.792,0.7292817679558011
